2023 Index,Street Name,Limit 1,Limit 2,Full Name,Facility Type,Ped_Total,Ped_Female,Ped_Male,Ped_MobAssist,Ped_Stroller,Ped_Weekday,Ped_Weekday_Female,Ped_Weekday_Male,Ped_Weekday_MobAssist,Ped_Weekday_Stroller,Ped_Weekend,Ped_Weekend_Female,Ped_Weekend_Male,Ped_Weekend_MobAssist,Ped_Weekend_Stroller,Bike_Total,Bike_Female,Bike_Male,Bike_Sidewalk,Bike_ContraFlow,Bike_Bikeshare,Bike_Helmet,Bike_Weekday_Total,Bike_Weekday_Female,Bike_Weekday_Male,Bike_Weekday_Sidewalk,Bike_Weekday_ContraFlow,Bike_Weekday_Bike_Weekdayshare,Bike_Weekday_Helmet,Bike_Weekend_Total,Bike_Weekend_Female,Bike_Weekend_Male,Bike_Weekend_Sidewalk,Bike_Weekend_ContraFlow,Bike_Weekend_Bike_Weekendshare,Bike_Weekend_Helmet,Scooter_Total,Scooter_Female,Scooter_Male,Scooter_Sidewalk,Scooter_ContraFlow,Scooter_Helmet,Scooter_Weekday_Total,Scooter_Weekday_Female,Scooter_Weekday_Male,Scooter_Weekday_Sidewalk,Scooter_Weekday_ContraFlow,Scooter_Weekday_Helmet,Scooter_Weekend_Total,Scooter_Weekend_Female,Scooter_Weekend_Male,Scooter_Weekend_Sidewalk,Scooter_Weekend_ContraFlow,Scooter_Weekend_Helmet,Other_Total,Other_Female,Other_Male,Other_Sidewalk,Other_ContraFlow,Other_Helmet,Other_Weekday_Total,Other_Weekday_Female,Other_Weekday_Male,Other_Weekday_Sidewalk,Other_Weekday_ContraFlow,Other_Weekday_Helmet,Other_Weekend_Total,Other_Weekend_Female,Other_Weekend_Male,Other_Weekend_Sidewalk,Other_Weekend_ContraFlow,Other_Weekend_Helmet
23-1,1st St,Central Ave,San Pedro St,1st St bw Central Ave & San Pedro St,Lane,"2,455","1,030","1,425",14,1,985,396,589,14,1,"1,470",634,836,0,0,249,21,228,21,6,1,24,64,3,61,21,3,1,16,185,18,167,0,3,0,8,21,3,18,6,0,7,18,2,16,6,0,7,3,1,2,0,0,0,24,4,20,15,1,9,17,4,13,10,1,9,7,0,7,5,0,0
23-2,1st St,Soto St,Mathews St,1st St bw Soto St & Mathews St,Lane,184,36,148,7,2,,,,,,184,36,148,7,2,13,0,13,4,0,0,1,,,,,,,,13,0,13,4,0,0,1,4,0,4,4,0,4,,,,,,,4,0,4,4,0,4,0,0,0,0,0,0,0,,,,,,0,0,0,0,0,0
23-3,4th St,Rossmore Ave,Arden Blvd,4th St bw Rossmore Ave & Arden Blvd,Sharrow,354,195,159,0,6,267,150,117,0,3,87,45,42,0,3,106,30,76,2,1,0,65,79,19,60,1,1,0,48,27,11,16,1,0,0,17,34,6,28,1,1,15,22,3,19,1,1,9,12,3,9,0,0,6,3,0,3,0,0,0,3,0,3,0,0,0,0,0,0,0,0,0
23-4,54th St,Gramercy Pl,Ruthelen St,54th St bw Gramercy Pl & Ruthelen St,Lane,185,71,114,2,1,154,60,94,2,1,31,11,20,0,0,28,0,28,12,3,0,5,25,0,25,12,2,0,5,3,0,3,0,1,0,0,4,0,4,3,0,2,2,0,2,3,0,0,2,0,2,0,0,2,6,0,6,5,1,0,4,0,4,4,0,0,2,0,2,1,1,0
23-5,5th St,Main St,Spring St,5th St bw Main St & Spring St,Protected Lane,"2,810",807,"2,003",68,20,"2,030",506,"1,524",53,13,780,301,479,15,7,231,5,226,63,52,0,21,168,5,163,40,36,0,16,63,0,63,23,16,0,5,85,10,75,28,21,0,69,10,59,22,16,0,16,0,16,6,5,0,22,1,21,13,4,1,16,0,16,9,3,0,6,1,5,4,1,1
23-6,6th St,Main St,Spring St,6th St bw Main St & Spring St,Protected Lane,"2,305",748,"1,557",43,11,"1,531",416,"1,115",33,6,774,332,442,10,5,191,11,180,43,46,6,31,128,3,125,31,29,0,13,63,8,55,12,17,6,18,93,17,76,28,18,4,67,12,55,15,15,1,26,5,21,13,3,3,22,1,21,6,5,0,18,1,17,6,4,0,4,0,4,0,1,0
23-79,7th St,Hill St,Olive St,7th St bw Hill St & Olive St,Protected Lane,"3,229","1,037","2,192",29,15,"2,608",793,"1,815",26,8,621,244,377,3,7,557,32,525,52,31,0,178,451,22,429,43,19,0,143,106,10,96,9,12,0,35,313,24,289,38,33,33,268,18,250,33,30,18,45,6,39,5,3,15,31,4,27,19,1,0,26,4,22,16,1,0,5,0,5,3,0,0
23-80,Adams Blvd,Crenshaw Blvd,Victoria Ave,Adams Blvd bw Crenshaw Blvd & Victoria Ave,None,184,75,109,3,3,171,71,100,3,3,13,4,9,0,0,29,1,28,20,3,0,2,22,0,22,17,0,0,0,7,1,6,3,3,0,2,7,0,7,6,1,0,5,0,5,4,0,0,2,0,2,2,1,0,15,2,13,15,1,0,14,2,12,14,0,0,1,0,1,1,1,0
23-7,Alameda St,1st St,2nd St,Alameda St bw 1st St & 2nd St,None,243,77,166,1,0,192,67,125,1,0,51,10,41,0,0,56,3,53,30,0,3,9,38,1,37,19,0,3,5,18,2,16,11,0,0,4,11,0,11,6,0,2,7,0,7,5,0,1,4,0,4,1,0,1,6,0,6,6,0,0,4,0,4,4,0,0,2,0,2,2,0,0
23-81,Alvarado St,6th St,Wilshire Blvd,Alvarado St bw 6th St & Wilshire Blvd,None,"3,771",729,"3,042",26,31,"2,481",564,"1,917",19,20,"1,290",165,"1,125",7,11,122,4,118,55,6,0,17,94,0,94,44,5,0,17,28,4,24,11,1,0,0,37,1,36,18,2,0,26,0,26,16,0,0,11,1,10,2,2,0,6,0,6,5,1,0,4,0,4,4,1,0,2,0,2,1,0,0
23-8,Anaheim St,Avalon Blvd,Avalon Pl,Anaheim St bw Avalon Blvd & Avalon Pl,None,566,211,355,15,5,425,156,269,12,5,141,55,86,3,0,63,11,52,46,2,0,16,44,1,43,32,2,0,2,19,10,9,14,0,0,14,3,1,2,3,0,3,3,1,2,3,0,3,0,0,0,0,0,0,5,0,5,5,0,0,2,0,2,2,0,0,3,0,3,3,0,0
23-9,Arroyo Seco Bike Path,Via Marisol,Ave 60,Arroyo Seco Bike Path bw Via Marisol & Ave 60,Path,46,12,34,0,0,31,7,24,0,0,15,5,10,0,0,75,14,61,0,0,0,59,40,7,33,0,0,0,25,35,7,28,0,0,0,34,1,0,1,0,0,0,1,0,1,0,0,0,0,0,0,0,0,0,1,0,1,0,0,1,0,0,0,0,0,0,1,0,1,0,0,1
23-82,Avalon Blvd,50th St,51st St,Avalon Blvd bw 50th St & 51st St,None,694,254,440,5,10,572,198,374,4,6,122,56,66,1,4,169,11,158,61,17,0,15,140,10,130,48,11,0,8,29,1,28,13,6,0,7,6,2,4,3,0,0,6,2,4,3,0,0,0,0,0,0,0,0,12,2,10,3,0,0,8,1,7,3,0,0,4,1,3,,,
23-10,Avenue 50,York Blvd,Lincoln Ave,Avenue 50 bw York Blvd & Lincoln Ave,Route,799,367,432,0,19,552,248,304,0,14,247,119,128,0,5,42,9,33,5,3,0,28,35,7,28,2,2,0,22,7,2,5,3,1,0,6,1,0,1,0,0,0,1,0,1,0,0,0,0,0,0,0,0,0,3,0,3,3,1,0,3,0,3,3,1,0,0,0,0,0,0,0
23-83,Ballona Creek Path,Lincoln Blvd,Marvin Braude,Ballona Creek Path bw Lincoln Blvd & Marvin Braude,Path,304,141,163,2,7,258,126,132,2,2,46,15,31,0,5,"1,579",403,"1,176",0,0,0,"1,079","1,137",280,857,0,0,0,800,442,123,319,0,0,0,279,7,2,5,0,0,0,5,2,3,0,0,0,2,0,2,0,0,0,15,2,13,0,0,6,9,0,9,0,0,3,6,2,4,0,0,3
23-84,Broadway,92nd St,91st St,Broadway bw 92nd St & 91st St,None,226,53,173,5,5,176,49,127,4,5,50,4,46,1,0,84,6,78,38,18,0,3,62,2,60,31,12,0,1,22,4,18,7,6,0,2,6,0,6,3,1,0,4,0,4,2,0,0,2,0,2,1,1,0,10,0,10,8,1,0,9,0,9,7,1,0,1,0,1,1,0,0
23-11,Broadway,College St,Alpine St,Broadway bw College St & Alpine St,None,"2,819","1,248","1,571",18,17,"1,325",669,656,9,0,"1,494",579,915,9,17,174,10,164,25,4,3,86,115,6,109,21,1,3,46,59,4,55,4,3,0,40,28,3,25,8,0,15,17,0,17,7,0,11,11,3,8,1,0,4,6,0,6,6,0,0,6,0,6,6,0,0,0,0,0,0,0,0
23-12,Canoga Av,Gault St,Sherman Way,Canoga Av bw Gault St & Sherman Way,Path,159,50,109,0,0,147,50,97,0,0,12,0,12,0,0,201,26,175,0,0,0,86,152,22,130,0,0,0,70,49,4,45,0,0,0,16,10,1,9,2,0,2,9,1,8,2,0,2,1,0,1,0,0,0,10,1,9,3,1,1,8,1,7,3,1,1,2,0,2,0,0,0
23-13,Central Ave,103rd Pl,104th St,Central Ave bw 103rd Pl & 104th St,Lane,253,110,143,4,5,198,86,112,2,5,55,24,31,2,0,52,3,49,28,6,0,3,42,3,39,22,2,0,3,10,0,10,6,4,0,0,2,2,0,1,0,0,2,2,0,1,0,0,0,0,0,0,0,0,10,1,9,10,0,0,9,1,8,9,0,0,1,0,1,1,0,0
23-14,Central Ave,Jefferson Blvd,34th St,Central Ave bw Jefferson Blvd & 34th St,None,410,173,237,6,10,300,143,157,1,8,110,30,80,5,2,94,3,91,74,10,0,14,65,0,65,52,8,0,12,29,3,26,22,2,0,2,8,0,8,4,0,4,8,0,8,4,0,4,0,0,0,0,0,0,0,0,0,0,0,0,0,0,0,0,0,0,0,0,0,0,0,0
23-15,Cesar E Chavez Ave,Soto St,Mathews St,Cesar E Chavez Ave bw Soto St & Mathews St,None,"1,482",633,849,11,16,"1,077",541,536,10,9,405,92,313,1,7,80,6,74,58,4,0,8,48,2,46,35,2,0,6,32,4,28,23,2,0,2,3,0,3,1,0,0,3,0,3,1,0,0,0,0,0,0,0,0,10,0,10,8,1,0,6,0,6,4,1,0,4,0,4,4,0,0
23-85,Chandler Blvd,Fair Ave,Blakeslee Ave,Chandler Blvd bw Fair Ave & Blakeslee Ave,Path,438,195,243,2,4,426,189,237,2,4,12,6,6,0,0,123,15,108,0,0,0,50,111,14,97,0,0,0,43,12,1,11,0,0,0,7,41,8,33,20,0,4,37,8,29,20,0,4,4,0,4,0,0,0,25,6,19,17,0,3,21,5,16,17,0,0,4,1,3,0,0,3
21-23,Clybourn Ave,Victory Blvd,Erwin St,Clybourn Ave bw Victory Blvd & Erwin St,Buffered Lane,58,17,41,0,2,49,12,37,0,2,9,5,4,0,0,44,5,39,8,4,0,20,23,1,22,1,2,0,5,21,4,17,7,2,0,15,2,0,2,2,0,0,2,0,2,2,0,0,0,0,0,0,0,0,2,0,2,0,0,0,2,0,2,0,0,0,0,0,0,0,0,0
23-16,Colorado Blvd,Caspar Ave,Maywood Ave,Colorado Blvd bw Caspar Ave & Maywood Ave,Lane,838,460,378,4,16,579,313,266,4,13,259,147,112,0,3,60,6,54,4,3,0,38,46,4,42,2,2,0,31,14,2,12,2,1,0,7,1,0,1,1,0,0,1,0,1,1,0,0,0,0,0,0,0,0,3,0,3,1,0,0,3,0,3,1,0,0,0,0,0,0,0,0
23-17,Compton Blvd,103rd St,104th St,Compton Blvd bw 103rd St & 104th St,Lane,358,209,149,3,4,321,197,124,3,4,37,12,25,0,0,47,4,43,17,10,0,2,34,3,31,14,7,0,2,13,1,12,3,3,0,0,2,1,1,1,0,0,1,1,0,1,0,0,1,0,1,0,0,0,8,1,7,8,0,0,8,1,7,8,0,0,0,0,0,0,0,0
23-18,Crenshaw Blvd,Vernon Ave,48th St,Crenshaw Blvd bw Vernon Ave & 48th St,None,128,33,95,0,0,76,14,62,0,0,52,19,33,0,0,51,5,46,36,2,0,24,34,1,33,26,2,0,9,17,4,13,10,0,0,15,2,0,2,2,0,1,2,0,2,2,0,1,0,0,0,0,0,0,7,3,4,7,0,0,4,1,3,4,0,0,3,2,1,3,0,0
23-19,Culver Blvd,Inglewood Blvd,Centinela Ave,Culver Blvd bw Inglewood Blvd & Centinela Ave,Path,255,103,152,0,2,222,93,129,0,2,33,10,23,0,0,166,34,132,0,0,0,51,111,23,88,0,0,0,29,55,11,44,0,0,0,22,4,0,4,3,0,0,3,0,3,3,0,0,1,0,1,0,0,0,5,2,3,6,0,0,5,2,3,6,0,0,0,0,0,0,0,0
23-86,Eagle Rock Blvd,York Blvd,Lincoln Ave,Eagle Rock Blvd bw York Blvd & Lincoln Ave,Lane,187,61,126,1,4,120,42,78,1,3,67,19,48,0,1,96,5,91,11,2,0,69,40,1,39,11,2,0,25,56,4,52,0,0,0,44,1,0,1,0,0,0,0,0,0,0,0,0,1,0,1,0,0,0,3,0,3,3,1,0,2,0,2,2,1,0,1,0,1,1,0,0
23-20,Exposition Blvd,Crenshaw Blvd,11th Ave,Exposition Blvd bw Crenshaw Blvd & 11th Ave,Lane,516,174,342,1,1,503,170,333,1,0,13,4,9,0,1,108,8,100,32,2,0,56,85,8,77,29,1,0,40,23,0,23,3,1,0,16,24,5,19,16,0,6,23,5,18,16,0,5,1,0,1,0,0,1,6,0,6,6,0,1,6,0,6,6,0,1,0,0,0,0,0,0
23-22,Figueroa St,30th St,31st St,Figueroa St bw 30th St & 31st St,Protected Lane,"1,289",671,618,2,8,958,510,448,2,7,331,161,170,0,1,392,65,327,47,34,0,86,301,61,240,32,24,0,70,91,4,87,15,10,0,16,212,38,174,38,34,7,159,36,123,24,21,1,53,2,51,14,13,6,173,22,151,75,33,1,156,22,134,69,31,0,17,0,17,6,2,1
23-88,Figueroa St,7th St,8th St,Figueroa St bw 7th St & 8th St,Protected Lane,"5,517","2,286","3,231",23,40,"3,920","1,559","2,361",21,18,"1,597",727,870,2,22,378,41,337,158,53,1,98,281,39,242,116,42,0,71,97,2,95,42,11,1,27,242,47,195,119,40,10,189,41,148,99,28,6,53,6,47,20,12,4,33,7,26,29,2,4,21,3,18,19,2,2,12,4,8,10,0,2
23-21,Figueroa St,Avenue 44,Avenue 45,Figueroa St bw Avenue 44 & Avenue 45,None,330,159,171,7,0,269,130,139,7,0,61,29,32,0,0,75,5,70,8,4,0,50,39,4,35,4,2,0,25,36,1,35,4,2,0,25,2,0,2,1,0,0,1,0,1,1,0,0,1,0,1,0,0,0,1,0,1,1,0,0,1,0,1,1,0,0,0,0,0,0,0,0
23-23,Fletcher Dr,San Fernando Rd,Avenue 32,Fletcher Dr bw San Fernando Rd & Avenue 32,Lane,410,199,211,9,1,349,180,169,6,1,61,19,42,3,0,142,8,134,20,5,0,77,82,7,75,18,2,0,30,60,1,59,2,3,0,47,0,0,0,0,0,0,0,0,0,0,0,0,0,0,0,0,0,0,1,0,1,1,0,0,1,0,1,1,0,0,0,0,0,0,0,0
23-24,Foothill Blvd,Oro Vista Ave,Eldora Ave,Foothill Blvd bw Oro Vista Ave & Eldora Ave,Lane,228,79,149,8,1,153,62,91,4,0,75,17,58,4,1,22,2,20,8,0,0,14,8,0,8,6,0,0,2,14,2,12,2,0,0,12,0,0,0,0,0,0,0,0,0,0,0,0,0,0,0,0,0,0,3,0,3,3,0,0,3,0,3,3,0,0,0,0,0,0,0,0
23-89,Fountain Ave,New Hampshire Ave,Vermont Ave,Fountain Ave bw New Hampshire Ave & Vermont Ave,Sharrow,362,149,213,0,2,288,135,153,0,0,74,14,60,0,2,112,11,101,19,2,0,54,75,9,66,13,2,0,37,37,2,35,6,0,0,17,14,3,11,7,0,3,12,3,9,6,0,3,2,0,2,1,0,0,2,0,2,2,0,0,2,0,2,2,0,0,0,0,0,0,0,0
23-41,Glenoaks Blvd,Van Nuys Blvd,Mercer St,Glenoaks Blvd bw Van Nuys Blvd & Mercer St,Lane,413,200,213,3,11,338,168,170,3,11,75,32,43,0,0,28,0,28,14,1,0,6,21,0,21,11,1,0,6,7,0,7,3,0,0,0,3,1,2,2,1,0,3,1,2,2,1,0,0,0,0,0,0,0,10,0,10,10,1,0,10,0,10,10,1,0,0,0,0,0,0,0
23-25,Grand Ave,7th St,8th St,Grand Ave bw 7th St & 8th St,Protected Lane,"2,302",863,"1,439",16,8,"1,738",649,"1,089",13,4,564,214,350,3,4,208,4,204,55,38,0,83,158,2,156,44,29,0,68,50,2,48,11,9,0,15,105,21,84,51,21,17,56,9,47,25,13,14,49,12,37,26,8,3,39,1,38,26,1,10,34,0,34,21,1,10,5,1,4,5,0,0
23-26,Griffith Park Ave,Fernwood Ave,Silverado Dr,Griffith Park Ave bw Fernwood Ave & Silverado Dr,Lane,267,116,151,0,9,202,91,111,0,9,65,25,40,0,0,104,34,70,0,1,1,73,77,27,50,0,1,0,51,27,7,20,0,0,1,22,10,4,6,0,0,3,7,4,3,0,0,2,3,0,3,0,0,1,3,0,3,3,0,0,3,0,3,3,0,0,0,0,0,0,0,0
23-27,Heliotrope Dr,Rosewood Ave,Melrose Ave,Heliotrope Dr bw Rosewood Ave & Melrose Ave,Lane,472,126,346,1,3,240,74,166,0,1,232,52,180,1,2,49,3,46,7,5,1,18,37,1,36,5,4,0,15,12,2,10,2,1,1,3,8,3,5,2,1,0,6,1,5,2,1,0,2,2,0,0,0,0,6,1,5,2,2,0,5,0,5,2,1,0,1,1,0,0,1,0
23-28,Hollywood Bl,Highland Av,Orange Dr,Hollywood Bl bw Highland Av & Orange Dr,None,"9,333","4,273","5,060",14,54,"5,054","2,286","2,768",4,27,"4,279","1,987","2,292",10,27,107,24,83,48,3,0,53,79,13,66,40,2,0,33,28,11,17,8,1,0,20,20,7,13,11,1,1,19,6,13,11,0,0,1,1,0,0,1,1,37,8,29,32,0,2,32,8,24,29,0,1,5,0,5,3,0,1
23-93,Hoover St,29th St,30th St,Hoover St bw 29th St & 30th St,Lane,"2,408","1,181","1,227",0,19,"1,885",945,940,0,13,523,236,287,0,6,569,157,412,92,51,5,91,497,138,359,86,45,3,76,72,19,53,6,6,2,15,248,46,202,66,24,23,192,39,153,58,21,16,56,7,49,8,3,7,390,54,336,97,86,30,354,41,313,84,79,30,36,13,23,13,7,0
23-29,Hoover St,Manchester Ave,85th St,Hoover St bw Manchester Ave & 85th St,Route,552,316,236,4,13,479,295,184,3,12,73,21,52,1,1,54,5,49,43,4,0,3,47,5,42,37,4,0,2,7,0,7,6,0,0,1,3,0,3,0,1,1,1,0,1,0,0,0,2,0,2,0,1,1,8,1,7,7,1,0,7,1,6,6,1,0,1,0,1,1,0,0
23-30,Jefferson Blvd,Vermont Ave,Catalina St,Jefferson Blvd bw Vermont Ave & Catalina St,None,627,263,364,3,5,505,218,287,3,3,122,45,77,0,2,213,51,162,130,1,0,51,165,30,135,105,1,0,24,48,21,27,25,0,0,27,79,14,65,56,1,6,59,13,46,42,0,5,20,1,19,14,1,1,79,11,68,80,0,0,66,10,56,67,0,0,13,1,12,13,0,0
23-31,La Brea Ave,Pico Bl,Venice Bl,La Brea Ave bw Pico Bl & Venice Bl,None,515,188,327,5,6,414,166,248,3,2,101,22,79,2,4,36,2,34,22,0,0,11,27,1,26,17,0,0,8,9,1,8,5,0,0,3,6,2,4,5,1,1,5,2,3,5,0,0,1,0,1,0,1,1,5,1,4,5,0,0,5,1,4,5,0,0,0,0,0,0,0,0
21-45,La Cienega Blvd,Sawyer St,18th St,La Cienega Blvd bw Sawyer St & 18th St,None,136,40,96,1,0,104,32,72,1,0,32,8,24,0,0,20,5,15,16,0,0,10,12,0,12,8,0,0,3,8,5,3,8,0,0,7,3,0,3,0,0,0,2,0,2,0,0,0,1,0,1,0,0,0,2,0,2,2,0,1,0,0,0,0,0,0,2,0,2,2,0,1
23-32,Lankershim Blvd,Oxnard St,Erwin St,Lankershim Blvd bw Oxnard St & Erwin St,Lane,414,109,305,4,4,344,96,248,4,2,70,13,57,0,2,79,7,72,46,1,0,21,60,1,59,35,1,0,17,19,6,13,11,0,0,4,9,0,9,5,0,1,8,0,8,5,0,1,1,0,1,0,0,0,14,0,14,14,0,0,11,0,11,11,0,0,3,0,3,3,0,0
21-47,Laurel Canyon Bl,Stagg St,Saticoy St,Laurel Canyon Bl bw Stagg St & Saticoy St,Lane,243,47,196,2,2,220,42,178,2,1,23,5,18,0,1,17,1,16,7,1,0,2,13,1,12,5,1,0,2,4,0,4,2,0,0,0,0,0,0,0,0,0,0,0,0,0,0,0,0,0,0,0,0,0,3,0,3,2,1,0,3,0,3,2,1,0,0,0,0,0,0,0
23-33,Lincoln Blvd,Venice Bl,Lucille Av,Lincoln Blvd bw Venice Bl & Lucille Av,None,508,215,293,2,4,377,185,192,2,3,131,30,101,0,1,123,14,109,69,3,0,16,88,11,77,51,1,0,10,35,3,32,18,2,0,6,29,5,24,17,1,2,18,4,14,11,1,1,11,1,10,6,0,1,8,0,8,8,0,0,5,0,5,5,0,0,3,0,3,3,0,0
23-94,Los Angeles River Path,Los Feliz Blvd,Sunnynook Dr,Los Angeles River Path bw Los Feliz Blvd & Sunnynook Dr,Path,76,27,49,0,3,68,24,44,0,3,8,3,5,0,0,524,105,419,0,0,0,403,273,20,253,0,0,0,229,251,85,166,0,0,0,174,6,0,6,0,0,2,0,0,0,0,0,0,6,0,6,0,0,2,4,4,0,0,0,2,4,4,0,0,0,2,0,0,0,0,0,0
23-34,Los Angeles Street,Arcadia St,Aliso St,Los Angeles St bw Arcadia St & Aliso St,Buffered Lane,389,160,229,2,0,295,121,174,1,0,94,39,55,1,0,137,30,107,41,17,0,47,91,12,79,24,11,0,28,46,18,28,17,6,0,19,30,3,27,9,4,5,24,3,21,8,3,4,6,0,6,1,1,1,11,0,11,5,2,0,11,0,11,5,2,0,0,0,0,0,0,0
23-37,Main St (Venice),Thornton Pl,Park Pl,Main St (Venice) bw Thornton Pl & Park Pl,Lane,527,193,334,1,9,281,89,192,0,3,246,104,142,1,6,622,111,511,16,21,0,376,311,46,265,13,7,0,171,311,65,246,3,14,0,205,65,11,54,4,1,9,38,9,29,4,0,5,27,2,25,0,1,4,20,2,18,5,3,1,10,1,9,2,2,0,10,1,9,3,1,1
23-35,Main St,6th St,7th St,Main St bw 6th St & 7th St,Protected Lane,"1,093",366,727,15,3,721,242,479,14,2,372,124,248,1,1,280,13,267,44,84,0,59,209,11,198,28,60,0,44,71,2,69,16,24,0,15,125,25,100,25,38,13,75,16,59,11,18,11,50,9,41,14,20,2,22,3,19,12,4,3,13,2,11,7,2,3,9,1,8,5,2,0
23-36,Main St,Arcadia St,Aliso St,Main St bw Arcadia St & Aliso St,Protected Lane,543,207,336,6,1,336,114,222,3,0,207,93,114,3,1,180,18,162,25,20,0,84,129,16,113,12,1,0,68,51,2,49,13,19,0,16,30,6,24,9,5,7,20,4,16,6,0,6,10,2,8,3,5,1,6,0,6,5,0,0,3,0,3,2,0,0,3,0,3,3,0,0
23-38,Manchester Ave,Broadway,Main St,Manchester Ave bw Broadway & Main St,None,417,99,318,8,3,284,79,205,5,2,133,20,113,3,1,83,8,75,82,0,0,13,57,5,52,57,0,0,6,26,3,23,25,0,0,7,6,0,6,6,0,0,4,0,4,4,0,0,2,0,2,2,0,0,12,0,12,12,0,0,11,0,11,11,0,0,1,0,1,1,0,0
23-95,Martin Luther King Jr Bl,Woodlawn Ave,Wall St,Martin Luther King Jr Bl bw Woodlawn Ave & Wall St,Lane,"1,028",543,485,8,35,863,489,374,7,31,165,54,111,1,4,171,14,157,90,17,0,34,140,12,128,74,13,0,30,31,2,29,16,4,0,4,15,0,15,5,1,0,13,0,13,4,0,0,2,0,2,1,1,0,4,0,4,4,0,0,4,0,4,4,0,0,0,0,0,0,0,0
23-39,Nordhoff St,Valjean Ave,Woodley Ave,Nordhoff St bw Valjean Ave & Woodley Ave,None,147,46,101,3,0,128,46,82,3,0,19,0,19,0,0,20,5,15,15,0,0,9,13,0,13,10,0,0,4,7,5,2,5,0,0,5,1,0,1,1,0,0,0,0,0,0,0,0,1,0,1,1,0,0,2,0,2,2,0,0,2,0,2,2,0,0,0,0,0,0,0,0
23-40,Ohio Ave,Sepulveda Blvd,Pontius Ave,Ohio Ave bw Sepulveda Blvd & Pontius Ave,Lane,274,109,165,1,7,228,94,134,1,6,46,15,31,0,1,381,48,333,20,3,0,311,283,17,266,16,1,0,220,98,31,67,4,2,0,91,54,9,45,13,0,10,44,6,38,13,0,6,10,3,7,0,0,4,9,0,9,3,2,0,6,0,6,2,1,0,3,0,3,1,1,0
23-96,Olive St,7th St,8th St,Olive St bw 7th St & 8th St,Protected Lane,"2,891",872,"2,019",13,12,"1,361",444,917,8,6,"1,530",428,"1,102",5,6,257,10,247,123,7,6,114,132,4,128,63,7,3,56,125,6,119,60,0,3,58,153,17,136,88,10,34,74,6,68,39,5,11,79,11,68,49,5,23,44,6,38,34,0,1,17,0,17,14,0,1,27,6,21,20,0,0
23-99,Orange Line Bike Path,Baird Ave,Reseda Blvd,Orange Line Bike Path bw Baird Ave & Reseda Blvd,Path,498,167,331,3,4,498,167,331,3,4,,,,,,140,19,121,0,0,0,87,140,19,121,0,0,0,87,,,,,,,,1,0,1,0,0,0,1,0,1,0,0,0,,,,,,,12,2,10,0,0,4,12,2,10,0,0,4,0,,,,,
23-42,Pacific Ave,6th St,7th St,Pacific Ave bw 6th St & 7th St,Lane,563,178,385,8,11,343,104,239,6,7,220,74,146,2,4,56,2,54,18,8,0,7,45,2,43,13,8,0,3,11,0,11,5,0,0,4,15,2,13,8,2,0,14,2,12,8,2,0,1,0,1,0,0,0,19,2,17,8,4,0,12,0,12,6,3,0,7,2,5,2,1,0
23-43,Pico Blvd,Western Ave,Manhattan Pl,Pico Blvd bw Western Ave & Manhattan Pl,None,767,353,414,0,13,568,285,283,0,13,199,68,131,0,0,88,3,85,59,2,0,15,63,2,61,45,2,0,10,25,1,24,14,0,0,5,4,0,4,3,0,0,3,0,3,2,0,0,1,0,1,1,0,0,2,1,1,2,0,0,2,1,1,2,0,0,0,0,0,0,0,0
23-44,Red Car Bridge,-,-,Red Car Bridge bw - & -,Path,63,23,40,0,4,40,11,29,0,0,23,12,11,0,4,93,9,84,0,0,0,65,55,3,52,0,0,0,39,38,6,32,0,0,0,26,1,0,1,0,0,0,0,0,0,0,0,0,1,0,1,0,0,0,4,1,3,0,0,0,3,1,2,0,0,0,1,0,1,0,0,0
23-97,Reseda Blvd,Plummer St,Vicennes St,Reseda Blvd bw Plummer St & Vincennes St,Lane,418,189,229,6,9,296,138,158,6,6,122,51,71,0,3,34,5,29,13,2,0,16,27,4,23,11,2,0,12,7,1,6,2,0,0,4,5,3,2,2,0,2,1,0,1,0,0,0,4,3,1,2,0,2,22,0,22,21,0,0,21,0,21,20,0,0,1,0,1,1,0,0
23-45,Reseda Blvd,Wyandotte St,Sherman Way,Reseda Blvd bw Wyandotte St & Sherman Way,Route,255,101,154,4,0,184,75,109,3,0,71,26,45,1,0,56,0,56,35,2,0,13,40,0,40,30,0,0,7,16,0,16,5,2,0,6,4,1,3,3,1,1,3,1,2,2,1,1,1,0,1,1,0,0,6,1,5,5,0,0,6,1,5,5,0,0,0,0,0,0,0,0
21-65,Riverside Dr,Fletcher Dr,Clearwater St,Riverside Dr bw Fletcher Dr & Clearwater St,Route,162,50,112,0,0,81,25,56,0,0,81,25,56,0,0,40,0,40,10,0,0,26,20,0,20,5,0,0,13,20,0,20,5,0,0,13,2,0,2,2,0,0,1,0,1,1,0,0,1,0,1,1,0,0,0,0,0,0,0,0,0,0,0,0,0,0,0,0,0,0,0,0
23-46,Roscoe Blvd,Van Nuys Bl,Tobias Av,Roscoe Blvd bw Van Nuys Bl & Tobias Av,None,102,42,60,0,3,,,,,,102,42,60,0,3,3,0,3,3,0,0,0,,,,,,,,3,0,3,3,0,0,0,1,0,1,1,0,0,0,,,,,,1,0,1,1,0,0,2,0,2,2,0,0,,,,,,,2,0,2,2,0,0
23-47,Rosewood Ave,Fairfax Ave,Orange Grove Ave,Rosewood Ave bw Fairfax Ave & Orange Grove Ave,None,733,314,419,3,2,348,131,217,3,1,385,183,202,0,1,34,6,28,9,0,0,14,23,3,20,9,0,0,9,11,3,8,0,0,0,5,13,0,13,3,0,2,12,0,12,3,0,1,1,0,1,0,0,1,5,0,5,3,0,1,3,0,3,3,0,0,2,0,2,0,0,1
23-48,Rowena Ave,Herkimer St,Silver Lake Dr,Rowena Ave bw Herkimer St & Silver Lake Dr,Lane,"1,156",517,639,1,38,"1,023",498,525,1,35,133,19,114,0,3,85,14,71,11,3,0,52,65,14,51,11,2,0,49,20,0,20,0,1,0,3,4,0,4,0,0,1,2,0,2,0,0,0,2,0,2,0,0,1,9,2,7,6,1,3,9,2,7,6,1,3,0,0,0,0,0,0
23-90,San Fernando Bike Path,Tuxford St,Pendleton St,San Fernando Bike Path bw Tuxford St & Pendleton St,Path,29,10,19,0,0,25,10,15,0,0,4,0,4,0,0,45,0,45,0,0,0,16,37,0,37,0,0,0,15,8,0,8,0,0,0,1,1,0,1,0,0,0,0,0,0,0,0,0,1,0,1,0,0,0,0,0,0,0,0,0,0,0,0,0,0,0,0,0,0,0,0,0
23-51,Santa Monica Blvd,Western Ave,St Andrews,Santa Monica Blvd bw Western Ave & St Andrews Pl,None,"1,516",643,873,8,29,"1,099",477,622,5,27,417,166,251,3,2,115,20,95,97,0,0,28,87,6,81,78,0,0,8,28,14,14,19,0,0,20,32,6,26,25,0,3,23,6,17,17,0,3,9,0,9,8,0,0,8,0,8,8,0,0,4,0,4,4,0,0,4,0,4,4,0,0
23-52,Santa Monica Blvd,Westwood Blvd,Glendon Ave,Santa Monica Blvd bw Westwood Blvd & Glendon Ave,Lane,438,168,270,1,11,315,124,191,1,5,123,44,79,0,6,197,18,179,24,2,0,149,123,9,114,18,1,0,100,74,9,65,6,1,0,49,23,3,20,7,1,3,12,1,11,3,0,2,11,2,9,4,1,1,3,0,3,3,0,0,1,0,1,1,0,0,2,0,2,2,0,0
23-53,Sepulveda Blvd,Nordhoff St,Tupper St,Sepulveda Blvd bw Nordhoff St & Tupper St,None,657,261,396,5,15,483,192,291,3,13,174,69,105,2,2,27,0,27,19,2,0,4,18,0,18,15,0,0,2,9,0,9,4,2,0,2,2,0,2,2,0,0,1,0,1,1,0,0,1,0,1,1,0,0,3,0,3,3,0,0,3,0,3,3,0,0,0,0,0,0,0,0
23-54,Sherman Way,Woodman Ave,Allott Ave,Sherman Way bw Woodman Ave & Allott Ave,None,288,54,234,3,1,205,52,153,0,1,83,2,81,3,0,52,2,50,38,2,0,1,31,1,30,25,1,0,0,21,1,20,13,1,0,1,1,0,1,2,0,0,1,0,1,2,0,0,0,0,0,0,0,0,2,0,2,1,0,0,2,0,2,1,0,0,0,0,0,0,0,0
23-55,Silver Lake Blvd,Effie St,Berkeley Ave,Silver Lake Blvd bw Effie St & Berkeley Ave,Lane,775,360,415,1,9,534,253,281,1,7,241,107,134,0,2,112,9,103,4,0,0,73,73,2,71,2,0,0,44,39,7,32,2,0,0,29,1,0,1,0,0,0,0,0,0,0,0,0,1,0,1,0,0,0,1,0,1,1,0,0,1,0,1,1,0,0,0,0,0,0,0,0
23-56,Slauson Ave,Vermont Ave,Menlo Ave,Slauson Ave bw Vermont Ave & Menlo Ave,None,"1,565",773,792,41,30,"1,177",621,556,41,11,388,152,236,0,19,57,3,54,46,2,0,4,42,2,40,35,1,0,1,15,1,14,11,1,0,3,2,0,2,2,0,0,2,0,2,2,0,0,0,0,0,0,0,0,1,0,1,1,0,0,0,0,0,0,0,0,1,0,1,1,0,0
23-57,Soto St,1st St,Michigan Ave,Soto St bw 1st St & Michigan Ave,None,535,166,369,4,9,387,122,265,3,7,148,44,104,1,2,29,2,27,20,1,0,10,23,2,21,15,0,0,10,6,0,6,5,1,0,0,1,0,1,1,0,0,1,0,1,1,0,0,0,0,0,0,0,0,9,0,9,8,0,0,8,0,8,7,0,0,1,0,1,1,0,0
23-58,Spring St,6th St,7th St,Spring St bw 6th St & 7th St,Protected Lane,"3,379","1,033","2,346",46,26,"2,355",857,"1,498",43,18,"1,024",176,848,3,8,352,9,343,58,32,1,102,260,9,251,46,1,1,74,92,0,92,12,31,0,28,194,34,160,38,16,11,139,22,117,27,1,5,55,12,43,11,15,6,30,2,28,14,4,4,17,2,15,8,0,1,13,0,13,6,4,3
21-78,Spring St,Wilhardt St,Avenue 18,Spring St bw Wilhardt St & Avenue 18,Sharrow,141,70,71,0,3,120,65,55,0,3,21,5,16,0,0,86,8,78,4,7,0,42,60,6,54,4,5,0,37,26,2,24,0,2,0,5,6,1,5,3,3,1,5,0,5,3,3,0,1,1,0,0,0,1,3,0,3,1,0,0,3,0,3,1,0,0,0,0,0,0,0,0
23-59,Sunset Blvd,Detroit St,La Brea Av,Sunset Blvd bw Detroit St & La Brea Av,None,649,172,477,3,1,459,137,322,3,1,190,35,155,0,0,68,7,61,42,2,0,23,48,0,48,31,0,0,11,20,7,13,11,2,0,12,56,14,42,42,2,10,37,5,32,31,0,3,19,9,10,11,2,7,14,0,14,13,0,0,12,0,12,11,0,0,2,0,2,2,0,0
23-60,Sunset Blvd,Hyperion Ave,Sanborn Ave,Sunset Blvd bw Hyperion Ave & Sanborn Ave,Lane,"1,942",855,"1,087",3,18,"1,186",527,659,2,13,756,328,428,1,5,229,34,195,24,14,0,128,176,26,150,15,12,0,98,53,8,45,9,2,0,30,34,9,25,6,4,6,24,4,20,5,4,4,10,5,5,1,0,2,9,1,8,8,3,1,9,1,8,8,3,1,0,0,0,0,0,0
23-61,Temple St,Lake St,Alvarado St,Temple St bw Lake St & Alvarado St,None,445,196,249,2,9,375,179,196,2,9,70,17,53,0,0,46,1,45,31,4,0,6,34,1,33,21,4,0,6,12,0,12,10,0,0,0,20,3,17,14,0,5,10,1,9,8,0,2,10,2,8,6,0,3,10,0,10,9,2,1,8,0,8,7,2,1,2,0,2,2,0,0
23-62,Van Nuys Blvd,Remick Av,Laurel Canyon Bl,Van Nuys Blvd bw Remick Av & Laurel Canyon Bl,Protected Lane,367,111,256,1,1,312,93,219,1,1,55,18,37,0,0,50,2,48,34,1,0,5,32,2,30,23,1,0,5,18,0,18,11,0,0,0,2,0,2,2,0,0,2,0,2,2,0,0,0,0,0,0,0,0,5,0,5,5,0,0,1,0,1,1,0,0,4,0,4,4,0,0
23-63,Vanowen St,Vesper Ave,Van Nuys Blvd,Vanowen St bw Vesper Ave & Van Nuys Blvd,None,"1,145",433,712,15,11,962,391,571,14,8,183,42,141,1,3,44,4,40,38,1,0,8,31,0,31,28,1,0,3,13,4,9,10,0,0,5,2,0,2,2,0,0,2,0,2,2,0,0,0,0,0,0,0,0,9,2,7,9,0,0,7,1,6,7,0,0,2,1,1,2,0,0
23-64,Venice Blvd,2nd Ave,Arlington Ave,Venice Blvd bw 2nd Ave & Arlington Ave,Buffered Lane,208,78,130,2,6,164,68,96,2,6,44,10,34,0,0,87,8,79,22,2,0,30,64,7,57,16,1,0,24,23,1,22,6,1,0,6,4,0,4,0,0,2,0,0,0,0,0,0,4,0,4,0,0,2,4,1,3,2,1,0,3,1,2,2,1,0,1,0,1,0,0,0
23-98,Venice Blvd,Ocean View Blvd,Grand View Blvd,Venice Blvd bw Ocean View Blvd & Grand View Blvd,Protected Lane,"1,159",497,662,1,19,446,199,247,0,5,713,298,415,1,14,407,69,338,34,29,0,193,272,52,220,23,22,0,124,135,17,118,11,7,0,69,40,6,34,2,4,8,24,3,21,2,1,3,16,3,13,0,3,5,26,8,18,18,0,6,20,4,16,14,0,4,6,4,2,4,0,2
23-67,Vermont Ave,3rd St,4th St,Vermont Ave bw 3rd St & 4th St,None,"1,271",507,764,12,12,935,420,515,9,7,336,87,249,3,5,105,11,94,82,1,0,36,79,5,74,60,1,0,13,26,6,20,22,0,0,23,28,4,24,22,0,10,18,1,17,15,0,1,10,3,7,7,0,9,13,0,13,12,0,0,12,0,12,11,0,0,1,0,1,1,0,0
23-66,Vermont Ave,Florence Ave,73rd St,Vermont Ave bw Florence Ave & 73rd St,None,664,270,394,8,9,589,266,323,6,9,75,4,71,2,0,69,3,66,23,12,0,9,50,1,49,16,7,0,5,19,2,17,7,5,0,4,5,1,4,0,0,1,3,0,3,0,0,0,2,1,1,0,0,1,17,1,16,13,1,1,13,1,12,10,0,0,4,0,4,3,1,1
23-68,Victory Blvd,Woodley Ave,Valjean Ave,Victory Blvd bw Woodley Ave & Valjean Ave,Path,188,71,117,0,2,125,49,76,0,2,63,22,41,0,0,197,33,164,0,0,0,132,139,22,117,0,0,0,96,58,11,47,0,0,0,36,5,0,5,0,0,0,4,0,4,0,0,0,1,0,1,0,0,0,7,2,5,0,0,3,4,0,4,0,0,0,3,2,1,0,0,3
23-69,Vine St,Sunset Blvd,Delongpre Ave,Vine St bw Sunset Blvd & Del Longpre Ave,Sharrow,"1,095",405,690,5,14,755,285,470,1,7,340,120,220,4,7,100,5,95,60,3,1,20,79,5,74,49,2,0,18,21,0,21,11,1,1,2,63,5,58,38,3,1,38,1,37,24,2,1,25,4,21,14,1,0,15,2,13,14,0,0,12,2,10,11,0,0,3,0,3,3,0,0
23-70,Vineland Ave,Magnolia Blvd,McCormick St,Vineland Ave bw Magnolia Blvd & McCormick St,Buffered Lane,330,113,217,0,1,256,97,159,0,1,74,16,58,0,0,90,9,81,29,4,0,34,65,5,60,20,4,0,22,25,4,21,9,0,0,12,23,5,18,13,0,2,16,5,11,11,0,2,7,0,7,2,0,0,9,2,7,7,0,0,7,2,5,6,0,0,2,0,2,1,0,0
23-71,Washington Blvd,Ocean Ave,Grayson Ave,Washington Blvd bw Ocean Ave & Grayson Ave,Lane,751,316,435,0,11,472,182,290,0,11,279,134,145,0,0,978,356,622,48,7,7,484,456,92,364,21,5,0,175,522,264,258,27,2,7,309,79,29,50,9,2,7,58,17,41,7,1,0,21,12,9,2,1,7,35,6,29,5,1,5,15,1,14,5,1,0,20,5,15,0,0,5
23-73,Western Ave,Sunset Blvd,Harold Way,Western Ave bw Sunset Blvd & Harold Way,None,"1,239",439,800,14,7,928,331,597,13,6,311,108,203,1,1,96,7,89,62,4,0,9,76,5,71,51,4,0,4,20,2,18,11,0,0,5,36,3,33,20,1,2,29,2,27,17,1,1,7,1,6,3,0,1,21,3,18,19,0,2,19,2,17,18,0,0,2,1,1,1,0,2
23-72,Western Ave,Wilshire Bl,7th St,Western Ave bw Wilshire Bl & 7th St,None,"1,952",793,"1,159",12,16,"1,568",695,873,10,15,384,98,286,2,1,84,3,81,71,0,1,15,67,3,64,56,0,1,13,17,0,17,15,0,0,2,46,7,39,41,0,4,35,7,28,31,0,2,11,0,11,10,0,2,15,2,13,14,0,0,10,2,8,10,0,0,5,0,5,4,0,0
23-74,Westwood Blvd,Weyburn Av,Le Conte Av,Westwood Blvd bw Weyburn Av & Le Conte Av,None,"5,978","3,276","2,702",9,28,"4,850","2,680","2,170",8,18,"1,128",596,532,1,10,151,43,108,24,0,0,108,121,27,94,13,0,0,87,30,16,14,11,0,0,21,176,58,118,39,3,23,129,36,93,27,2,7,47,22,25,12,1,16,24,5,19,15,0,1,15,0,15,12,0,0,9,5,4,3,0,1
23-75,Wilmington Ave,112th St,111th St,Wilmington Ave bw 112th St & 111th St,None,226,96,130,5,2,201,89,112,5,2,25,7,18,0,0,39,2,37,14,3,0,0,35,2,33,11,3,0,0,4,0,4,3,0,0,0,1,0,1,0,0,0,0,0,0,0,0,0,1,0,1,0,0,0,6,0,6,3,0,0,4,0,4,3,0,0,2,0,2,0,0,0
23-77,Wilshire Blvd,Manhattan Pl,Western Av,Wilshire Blvd bw Manhattan Pl & Western Av,None,988,368,620,2,14,665,278,387,0,8,323,90,233,2,6,110,20,90,86,0,0,37,88,9,79,74,0,0,27,22,11,11,12,0,0,10,33,4,29,31,0,2,24,4,20,23,0,2,9,0,9,8,0,0,8,0,8,8,0,0,7,0,7,7,0,0,1,0,1,1,0,0
23-76,Wilshire Blvd,Manning Ave,Westholme Ave,Wilshire Blvd bw Manning Ave & Westholme Ave,Lane,429,183,246,2,13,311,134,177,1,10,118,49,69,1,3,26,3,23,4,0,0,13,12,1,11,2,0,0,6,14,2,12,2,0,0,7,13,3,10,1,1,1,10,2,8,0,1,0,3,1,2,1,0,1,2,0,2,2,0,0,1,0,1,1,0,0,1,0,1,1,0,0
23-99,Winnetka Ave,Orange Line,Victory Bl,Winnetka Ave bw Orange Line & Victory Bl,Lane,12,5,7,0,2,,,,,,12,5,7,0,2,1,0,1,0,0,0,0,,,,,,,,1,0,1,0,0,0,0,0,0,0,0,0,0,,,,,,,0,0,0,0,0,0,0,0,0,0,0,0,,,,,,,0,0,0,0,0,0
21-99,Woodman Ave,Chase St,Branford St,Woodman Ave bw Chase St & Branford St,Buffered Lane,139,57,82,3,3,81,38,43,3,1,58,19,39,0,2,44,3,41,17,2,0,14,31,1,30,16,1,0,8,13,2,11,1,1,0,6,1,0,1,0,0,0,1,0,1,0,0,0,0,0,0,0,0,0,4,0,4,4,0,0,4,0,4,4,0,0,0,0,0,0,0,0
23-78,York Blvd,Ave 50,Ave 51,York Blvd bw Ave 50 & Ave 51,Lane,"1,389",695,694,0,18,697,348,349,0,15,692,347,345,0,3,114,17,97,8,1,0,77,60,9,51,3,1,0,34,54,8,46,5,0,0,43,2,0,2,1,1,0,2,0,2,1,1,0,0,0,0,0,0,0,6,0,6,5,0,1,3,0,3,2,0,0,3,0,3,3,0,1
